,S1Hand,LabelHand,region,imageId,sampleType,split,pixels_water,pixels_dry,pixels_nan,prob_water
0,Ghana_24858_S1Hand.tif,Ghana_24858_LabelHand.tif,Ghana,24858,S1Hand.tif,train,484,261660,0,0.0018463134765625
1,Ghana_147015_S1Hand.tif,Ghana_147015_LabelHand.tif,Ghana,147015,S1Hand.tif,train,3530,258614,0,0.01346588134765625
2,Ghana_953791_S1Hand.tif,Ghana_953791_LabelHand.tif,Ghana,953791,S1Hand.tif,train,2772,259372,0,0.0105743408203125
3,Ghana_154838_S1Hand.tif,Ghana_154838_LabelHand.tif,Ghana,154838,S1Hand.tif,train,0,42107,220037,0.0
4,Ghana_134751_S1Hand.tif,Ghana_134751_LabelHand.tif,Ghana,134751,S1Hand.tif,train,0,43016,219128,0.0
5,Ghana_61925_S1Hand.tif,Ghana_61925_LabelHand.tif,Ghana,61925,S1Hand.tif,train,651,261493,0,0.002483367919921875
6,Ghana_156478_S1Hand.tif,Ghana_156478_LabelHand.tif,Ghana,156478,S1Hand.tif,train,0,262144,0,0.0
7,Ghana_144050_S1Hand.tif,Ghana_144050_LabelHand.tif,Ghana,144050,S1Hand.tif,train,0,23551,238593,0.0
8,Ghana_49890_S1Hand.tif,Ghana_49890_LabelHand.tif,Ghana,49890,S1Hand.tif,train,0,262144,0,0.0
9,Ghana_97516_S1Hand.tif,Ghana_97516_LabelHand.tif,Ghana,97516,S1Hand.tif,train,771,186784,74589,0.004110794167044333
10,Ghana_168875_S1Hand.tif,Ghana_168875_LabelHand.tif,Ghana,168875,S1Hand.tif,train,0,41796,220348,0.0
11,Ghana_141910_S1Hand.tif,Ghana_141910_LabelHand.tif,Ghana,141910,S1Hand.tif,train,70650,191494,0,0.26950836181640625
12,Ghana_146222_S1Hand.tif,Ghana_146222_LabelHand.tif,Ghana,146222,S1Hand.tif,train,0,181656,80488,0.0
13,Ghana_11745_S1Hand.tif,Ghana_11745_LabelHand.tif,Ghana,11745,S1Hand.tif,train,0,262144,0,0.0
14,Ghana_161233_S1Hand.tif,Ghana_161233_LabelHand.tif,Ghana,161233,S1Hand.tif,train,0,1892,260252,0.0
15,Ghana_7496_S1Hand.tif,Ghana_7496_LabelHand.tif,Ghana,7496,S1Hand.tif,train,0,262144,0,0.0
16,Ghana_128663_S1Hand.tif,Ghana_128663_LabelHand.tif,Ghana,128663,S1Hand.tif,train,0,169329,92815,0.0
17,Ghana_264787_S1Hand.tif,Ghana_264787_LabelHand.tif,Ghana,264787,S1Hand.tif,train,0,181975,80169,0.0
18,Ghana_597288_S1Hand.tif,Ghana_597288_LabelHand.tif,Ghana,597288,S1Hand.tif,train,5690,256454,0,0.02170562744140625
19,Ghana_8090_S1Hand.tif,Ghana_8090_LabelHand.tif,Ghana,8090,S1Hand.tif,train,4,194662,67478,2.0548015575395805e-05
20,Ghana_187318_S1Hand.tif,Ghana_187318_LabelHand.tif,Ghana,187318,S1Hand.tif,train,0,262144,0,0.0
21,Ghana_362274_S1Hand.tif,Ghana_362274_LabelHand.tif,Ghana,362274,S1Hand.tif,train,18364,241043,2737,0.07079222997066387
22,Ghana_1089161_S1Hand.tif,Ghana_1089161_LabelHand.tif,Ghana,1089161,S1Hand.tif,train,2907,233257,25980,0.012309242729628564
23,Ghana_887131_S1Hand.tif,Ghana_887131_LabelHand.tif,Ghana,887131,S1Hand.tif,train,10075,252069,0,0.038433074951171875
24,Ghana_247288_S1Hand.tif,Ghana_247288_LabelHand.tif,Ghana,247288,S1Hand.tif,train,26650,13524,221970,0.663364365012197
25,Ghana_194723_S1Hand.tif,Ghana_194723_LabelHand.tif,Ghana,194723,S1Hand.tif,train,0,47408,214736,0.0
26,Ghana_26376_S1Hand.tif,Ghana_26376_LabelHand.tif,Ghana,26376,S1Hand.tif,train,0,0,262144,0.0
27,Ghana_45911_S1Hand.tif,Ghana_45911_LabelHand.tif,Ghana,45911,S1Hand.tif,train,0,29269,232875,0.0
28,Ghana_83200_S1Hand.tif,Ghana_83200_LabelHand.tif,Ghana,83200,S1Hand.tif,train,533,97682,163929,0.00542686962276638
29,Ghana_135389_S1Hand.tif,Ghana_135389_LabelHand.tif,Ghana,135389,S1Hand.tif,train,252,24372,237520,0.01023391812865497
30,India_285297_S1Hand.tif,India_285297_LabelHand.tif,India,285297,S1Hand.tif,train,36006,209036,17102,0.14693807592167873
31,India_1072277_S1Hand.tif,India_1072277_LabelHand.tif,India,1072277,S1Hand.tif,train,22546,239596,2,0.08600682073074899
32,India_324254_S1Hand.tif,India_324254_LabelHand.tif,India,324254,S1Hand.tif,train,3883,258261,0,0.014812469482421875
33,India_177319_S1Hand.tif,India_177319_LabelHand.tif,India,177319,S1Hand.tif,train,1595,255630,4919,0.006200796967635339
34,India_391908_S1Hand.tif,India_391908_LabelHand.tif,India,391908,S1Hand.tif,train,25989,185843,50312,0.12268684617999169
35,India_166709_S1Hand.tif,India_166709_LabelHand.tif,India,166709,S1Hand.tif,train,8839,248055,5250,0.034407187400250686
36,India_534470_S1Hand.tif,India_534470_LabelHand.tif,India,534470,S1Hand.tif,train,7434,243136,11574,0.0296683561479826
37,India_773682_S1Hand.tif,India_773682_LabelHand.tif,India,773682,S1Hand.tif,train,30959,221834,9351,0.12246778985177596
38,India_956930_S1Hand.tif,India_956930_LabelHand.tif,India,956930,S1Hand.tif,train,40096,197034,25014,0.16908868553114326
39,India_979278_S1Hand.tif,India_979278_LabelHand.tif,India,979278,S1Hand.tif,train,5437,103632,153075,0.049849178043257024
40,India_664410_S1Hand.tif,India_664410_LabelHand.tif,India,664410,S1Hand.tif,train,13526,248616,2,0.051597988876257904
41,India_747970_S1Hand.tif,India_747970_LabelHand.tif,India,747970,S1Hand.tif,train,5007,241510,15627,0.02031097246843017
42,India_207862_S1Hand.tif,India_207862_LabelHand.tif,India,207862,S1Hand.tif,train,21028,179087,62029,0.10507957924193588
43,India_500266_S1Hand.tif,India_500266_LabelHand.tif,India,500266,S1Hand.tif,train,38181,223960,3,0.1456506231379296
44,India_179238_S1Hand.tif,India_179238_LabelHand.tif,India,179238,S1Hand.tif,train,11592,180890,69662,0.060223813135773734
45,India_287642_S1Hand.tif,India_287642_LabelHand.tif,India,287642,S1Hand.tif,train,17914,97463,146767,0.15526491415100063
46,India_774689_S1Hand.tif,India_774689_LabelHand.tif,India,774689,S1Hand.tif,train,18855,219125,24164,0.07922934700394992
47,India_383430_S1Hand.tif,India_383430_LabelHand.tif,India,383430,S1Hand.tif,train,39228,212043,10873,0.1561182945903029
48,India_373039_S1Hand.tif,India_373039_LabelHand.tif,India,373039,S1Hand.tif,train,1509,241274,19361,0.006215426945049694
49,India_698338_S1Hand.tif,India_698338_LabelHand.tif,India,698338,S1Hand.tif,train,9936,218048,34160,0.04358200575478981
50,India_1017769_S1Hand.tif,India_1017769_LabelHand.tif,India,1017769,S1Hand.tif,train,98143,74828,89173,0.5673956906070959
51,India_981708_S1Hand.tif,India_981708_LabelHand.tif,India,981708,S1Hand.tif,train,10388,213636,38120,0.046370031782309036
52,India_91379_S1Hand.tif,India_91379_LabelHand.tif,India,91379,S1Hand.tif,train,29594,232539,11,0.11289688822086498
53,India_59460_S1Hand.tif,India_59460_LabelHand.tif,India,59460,S1Hand.tif,train,315,209038,52791,0.001504635710976198
54,India_624341_S1Hand.tif,India_624341_LabelHand.tif,India,624341,S1Hand.tif,train,3224,258918,2,0.01229867781584027
55,India_566697_S1Hand.tif,India_566697_LabelHand.tif,India,566697,S1Hand.tif,train,14719,200984,46441,0.06823734486771162
56,India_804466_S1Hand.tif,India_804466_LabelHand.tif,India,804466,S1Hand.tif,train,50228,211906,10,0.19161192367262544
57,India_103447_S1Hand.tif,India_103447_LabelHand.tif,India,103447,S1Hand.tif,train,26977,136590,98577,0.1649293561659748
58,India_136196_S1Hand.tif,India_136196_LabelHand.tif,India,136196,S1Hand.tif,train,0,211744,50400,0.0
59,India_842775_S1Hand.tif,India_842775_LabelHand.tif,India,842775,S1Hand.tif,train,5929,240489,15726,0.02406074231590225
60,India_25540_S1Hand.tif,India_25540_LabelHand.tif,India,25540,S1Hand.tif,train,11559,177066,73519,0.06128031809145129
61,India_56450_S1Hand.tif,India_56450_LabelHand.tif,India,56450,S1Hand.tif,train,82,181166,80896,0.00045241878531073447
62,India_135434_S1Hand.tif,India_135434_LabelHand.tif,India,135434,S1Hand.tif,train,10312,106838,144994,0.08802390098164746
63,India_652725_S1Hand.tif,India_652725_LabelHand.tif,India,652725,S1Hand.tif,train,21795,240299,50,0.08315718787915787
64,India_943439_S1Hand.tif,India_943439_LabelHand.tif,India,943439,S1Hand.tif,train,47609,202487,12048,0.19036290064615188
65,India_73419_S1Hand.tif,India_73419_LabelHand.tif,India,73419,S1Hand.tif,train,6252,172682,83210,0.034940257301574885
66,India_591549_S1Hand.tif,India_591549_LabelHand.tif,India,591549,S1Hand.tif,train,11054,234655,16435,0.044988177071250954
67,India_273873_S1Hand.tif,India_273873_LabelHand.tif,India,273873,S1Hand.tif,train,5446,150162,106536,0.03499820060665262
68,India_707886_S1Hand.tif,India_707886_LabelHand.tif,India,707886,S1Hand.tif,train,5668,251213,5263,0.02206469143299816
69,India_265762_S1Hand.tif,India_265762_LabelHand.tif,India,265762,S1Hand.tif,train,8533,138763,114848,0.057930968933304364
70,Mekong_221789_S1Hand.tif,Mekong_221789_LabelHand.tif,Mekong,221789,S1Hand.tif,train,0,215327,46817,0.0
71,Mekong_52610_S1Hand.tif,Mekong_52610_LabelHand.tif,Mekong,52610,S1Hand.tif,train,210673,51471,0,0.8036537170410156
72,Mekong_596495_S1Hand.tif,Mekong_596495_LabelHand.tif,Mekong,596495,S1Hand.tif,train,177144,52340,32660,0.7719230970350874
73,Mekong_1439641_S1Hand.tif,Mekong_1439641_LabelHand.tif,Mekong,1439641,S1Hand.tif,train,197802,64281,61,0.7547303716761484
74,Mekong_1191208_S1Hand.tif,Mekong_1191208_LabelHand.tif,Mekong,1191208,S1Hand.tif,train,15265,187047,59832,0.07545276602475384
75,Mekong_774566_S1Hand.tif,Mekong_774566_LabelHand.tif,Mekong,774566,S1Hand.tif,train,77043,150685,34416,0.33831149441438907
76,Mekong_213094_S1Hand.tif,Mekong_213094_LabelHand.tif,Mekong,213094,S1Hand.tif,train,111,230473,31560,0.00048138639281129655
77,Mekong_119477_S1Hand.tif,Mekong_119477_LabelHand.tif,Mekong,119477,S1Hand.tif,train,2996,257956,1192,0.011481038658450597
78,Mekong_269835_S1Hand.tif,Mekong_269835_LabelHand.tif,Mekong,269835,S1Hand.tif,train,483,211753,49908,0.0022757684841402965
79,Mekong_846007_S1Hand.tif,Mekong_846007_LabelHand.tif,Mekong,846007,S1Hand.tif,train,7535,156495,98114,0.04593671889288545
80,Mekong_1111068_S1Hand.tif,Mekong_1111068_LabelHand.tif,Mekong,1111068,S1Hand.tif,train,7449,254649,46,0.02842066707872628
81,Mekong_1282475_S1Hand.tif,Mekong_1282475_LabelHand.tif,Mekong,1282475,S1Hand.tif,train,26551,235593,0,0.10128402709960938
82,Mekong_16233_S1Hand.tif,Mekong_16233_LabelHand.tif,Mekong,16233,S1Hand.tif,train,62211,199921,12,0.2373269955594891
83,Mekong_342411_S1Hand.tif,Mekong_342411_LabelHand.tif,Mekong,342411,S1Hand.tif,train,28914,233227,3,0.1102994190149576
84,Mekong_1395593_S1Hand.tif,Mekong_1395593_LabelHand.tif,Mekong,1395593,S1Hand.tif,train,18875,242853,416,0.07211685413864775
85,Mekong_922373_S1Hand.tif,Mekong_922373_LabelHand.tif,Mekong,922373,S1Hand.tif,train,119765,142373,6,0.4568776751176861
86,Mekong_1396181_S1Hand.tif,Mekong_1396181_LabelHand.tif,Mekong,1396181,S1Hand.tif,train,145007,98055,19082,0.5965844105619142
87,Mekong_1248200_S1Hand.tif,Mekong_1248200_LabelHand.tif,Mekong,1248200,S1Hand.tif,train,204588,56400,1156,0.7838981102579429
88,Nigeria_529525_S1Hand.tif,Nigeria_529525_LabelHand.tif,Nigeria,529525,S1Hand.tif,train,223651,38493,0,0.8531608581542969
89,Nigeria_143329_S1Hand.tif,Nigeria_143329_LabelHand.tif,Nigeria,143329,S1Hand.tif,train,2777,246723,12644,0.011130260521042084
90,Nigeria_439488_S1Hand.tif,Nigeria_439488_LabelHand.tif,Nigeria,439488,S1Hand.tif,train,1468,227732,32944,0.006404886561954625
91,Nigeria_707067_S1Hand.tif,Nigeria_707067_LabelHand.tif,Nigeria,707067,S1Hand.tif,train,3756,257603,785,0.014371037538405029
92,Nigeria_81933_S1Hand.tif,Nigeria_81933_LabelHand.tif,Nigeria,81933,S1Hand.tif,train,177950,68318,15876,0.7225867753829162
93,Nigeria_35845_S1Hand.tif,Nigeria_35845_LabelHand.tif,Nigeria,35845,S1Hand.tif,train,286,212756,49102,0.0013424582946085749
94,Nigeria_598959_S1Hand.tif,Nigeria_598959_LabelHand.tif,Nigeria,598959,S1Hand.tif,train,46528,164680,50936,0.22029468580735578
95,Nigeria_952958_S1Hand.tif,Nigeria_952958_LabelHand.tif,Nigeria,952958,S1Hand.tif,train,9735,217939,34470,0.04275850558254346
96,Nigeria_78061_S1Hand.tif,Nigeria_78061_LabelHand.tif,Nigeria,78061,S1Hand.tif,train,5494,223392,33258,0.024003215574565504
97,Nigeria_600295_S1Hand.tif,Nigeria_600295_LabelHand.tif,Nigeria,600295,S1Hand.tif,train,83661,98030,80453,0.46045759008426396
98,Pakistan_909806_S1Hand.tif,Pakistan_909806_LabelHand.tif,Pakistan,909806,S1Hand.tif,train,1414,114873,145857,0.012159570717277081
99,Pakistan_132143_S1Hand.tif,Pakistan_132143_LabelHand.tif,Pakistan,132143,S1Hand.tif,train,0,262144,0,0.0
100,Pakistan_712873_S1Hand.tif,Pakistan_712873_LabelHand.tif,Pakistan,712873,S1Hand.tif,train,1316,118241,142587,0.011007301956389003
101,Pakistan_35915_S1Hand.tif,Pakistan_35915_LabelHand.tif,Pakistan,35915,S1Hand.tif,train,52301,76932,132911,0.4047031331006786
102,Pakistan_246510_S1Hand.tif,Pakistan_246510_LabelHand.tif,Pakistan,246510,S1Hand.tif,train,10741,248076,3327,0.04150036512284742
103,Pakistan_667363_S1Hand.tif,Pakistan_667363_LabelHand.tif,Pakistan,667363,S1Hand.tif,train,1219,161265,99660,0.007502277147288348
104,Pakistan_366265_S1Hand.tif,Pakistan_366265_LabelHand.tif,Pakistan,366265,S1Hand.tif,train,2,127289,134853,1.5712029915704958e-05
105,Pakistan_548910_S1Hand.tif,Pakistan_548910_LabelHand.tif,Pakistan,548910,S1Hand.tif,train,3439,232257,26448,0.014590828864299776
106,Pakistan_740461_S1Hand.tif,Pakistan_740461_LabelHand.tif,Pakistan,740461,S1Hand.tif,train,0,211456,50688,0.0
107,Pakistan_211386_S1Hand.tif,Pakistan_211386_LabelHand.tif,Pakistan,211386,S1Hand.tif,train,6859,248546,6739,0.026855386542941603
108,Pakistan_401863_S1Hand.tif,Pakistan_401863_LabelHand.tif,Pakistan,401863,S1Hand.tif,train,3324,255521,3299,0.012841661998493306
109,Pakistan_246718_S1Hand.tif,Pakistan_246718_LabelHand.tif,Pakistan,246718,S1Hand.tif,train,13126,222152,26866,0.05578932156852744
110,Pakistan_474121_S1Hand.tif,Pakistan_474121_LabelHand.tif,Pakistan,474121,S1Hand.tif,train,8893,171896,81355,0.049189939653408114
111,Pakistan_65724_S1Hand.tif,Pakistan_65724_LabelHand.tif,Pakistan,65724,S1Hand.tif,train,0,262143,1,0.0
112,Pakistan_1036366_S1Hand.tif,Pakistan_1036366_LabelHand.tif,Pakistan,1036366,S1Hand.tif,train,22673,87707,151764,0.20540858851241167
113,Pakistan_760290_S1Hand.tif,Pakistan_760290_LabelHand.tif,Pakistan,760290,S1Hand.tif,train,0,233498,28646,0.0
114,Paraguay_721886_S1Hand.tif,Paraguay_721886_LabelHand.tif,Paraguay,721886,S1Hand.tif,train,10934,251210,0,0.04170989990234375
115,Paraguay_62897_S1Hand.tif,Paraguay_62897_LabelHand.tif,Paraguay,62897,S1Hand.tif,train,41142,221002,0,0.15694427490234375
116,Paraguay_36015_S1Hand.tif,Paraguay_36015_LabelHand.tif,Paraguay,36015,S1Hand.tif,train,0,262139,5,0.0
117,Paraguay_12870_S1Hand.tif,Paraguay_12870_LabelHand.tif,Paraguay,12870,S1Hand.tif,train,0,262144,0,0.0
118,Paraguay_126224_S1Hand.tif,Paraguay_126224_LabelHand.tif,Paraguay,126224,S1Hand.tif,train,144382,117762,0,0.5507736206054688
119,Paraguay_215904_S1Hand.tif,Paraguay_215904_LabelHand.tif,Paraguay,215904,S1Hand.tif,train,0,226308,35836,0.0
120,Paraguay_54421_S1Hand.tif,Paraguay_54421_LabelHand.tif,Paraguay,54421,S1Hand.tif,train,40,262104,0,0.000152587890625
121,Paraguay_247656_S1Hand.tif,Paraguay_247656_LabelHand.tif,Paraguay,247656,S1Hand.tif,train,20976,241168,0,0.08001708984375
122,Paraguay_179624_S1Hand.tif,Paraguay_179624_LabelHand.tif,Paraguay,179624,S1Hand.tif,train,42,262067,35,0.0001602386793280658
123,Paraguay_1029042_S1Hand.tif,Paraguay_1029042_LabelHand.tif,Paraguay,1029042,S1Hand.tif,train,61197,161807,39140,0.27442108661728043
124,Paraguay_246154_S1Hand.tif,Paraguay_246154_LabelHand.tif,Paraguay,246154,S1Hand.tif,train,36,262108,0,0.0001373291015625
125,Paraguay_892933_S1Hand.tif,Paraguay_892933_LabelHand.tif,Paraguay,892933,S1Hand.tif,train,26570,235574,0,0.10135650634765625
126,Paraguay_11869_S1Hand.tif,Paraguay_11869_LabelHand.tif,Paraguay,11869,S1Hand.tif,train,222,257711,4211,0.0008606886284422699
127,Paraguay_921838_S1Hand.tif,Paraguay_921838_LabelHand.tif,Paraguay,921838,S1Hand.tif,train,7350,254794,0,0.02803802490234375
128,Paraguay_24341_S1Hand.tif,Paraguay_24341_LabelHand.tif,Paraguay,24341,S1Hand.tif,train,68353,193791,0,0.2607460021972656
129,Paraguay_605682_S1Hand.tif,Paraguay_605682_LabelHand.tif,Paraguay,605682,S1Hand.tif,train,75440,186704,0,0.28778076171875
130,Paraguay_997480_S1Hand.tif,Paraguay_997480_LabelHand.tif,Paraguay,997480,S1Hand.tif,train,19947,242197,0,0.07609176635742188
131,Paraguay_148318_S1Hand.tif,Paraguay_148318_LabelHand.tif,Paraguay,148318,S1Hand.tif,train,2229,237847,22068,0.009284559889368367
132,Paraguay_191503_S1Hand.tif,Paraguay_191503_LabelHand.tif,Paraguay,191503,S1Hand.tif,train,90,262054,0,0.00034332275390625
133,Paraguay_1076204_S1Hand.tif,Paraguay_1076204_LabelHand.tif,Paraguay,1076204,S1Hand.tif,train,3029,259115,0,0.011554718017578125
134,Paraguay_198534_S1Hand.tif,Paraguay_198534_LabelHand.tif,Paraguay,198534,S1Hand.tif,train,0,195487,66657,0.0
135,Paraguay_470303_S1Hand.tif,Paraguay_470303_LabelHand.tif,Paraguay,470303,S1Hand.tif,train,10446,251698,0,0.03984832763671875
136,Paraguay_822142_S1Hand.tif,Paraguay_822142_LabelHand.tif,Paraguay,822142,S1Hand.tif,train,80190,181954,0,0.30590057373046875
137,Paraguay_795075_S1Hand.tif,Paraguay_795075_LabelHand.tif,Paraguay,795075,S1Hand.tif,train,3421,258717,6,0.01305037804515179
138,Paraguay_339807_S1Hand.tif,Paraguay_339807_LabelHand.tif,Paraguay,339807,S1Hand.tif,train,58043,156576,47525,0.27044669856816034
139,Paraguay_1056717_S1Hand.tif,Paraguay_1056717_LabelHand.tif,Paraguay,1056717,S1Hand.tif,train,5046,257098,0,0.01924896240234375
140,Paraguay_403081_S1Hand.tif,Paraguay_403081_LabelHand.tif,Paraguay,403081,S1Hand.tif,train,1202,248634,12308,0.0048111561184136795
141,Paraguay_149787_S1Hand.tif,Paraguay_149787_LabelHand.tif,Paraguay,149787,S1Hand.tif,train,40091,222053,0,0.15293502807617188
142,Paraguay_36146_S1Hand.tif,Paraguay_36146_LabelHand.tif,Paraguay,36146,S1Hand.tif,train,0,262144,0,0.0
143,Paraguay_792268_S1Hand.tif,Paraguay_792268_LabelHand.tif,Paraguay,792268,S1Hand.tif,train,1346,260774,24,0.005135052647642301
144,Paraguay_482517_S1Hand.tif,Paraguay_482517_LabelHand.tif,Paraguay,482517,S1Hand.tif,train,47452,212148,2544,0.182788906009245
145,Paraguay_212687_S1Hand.tif,Paraguay_212687_LabelHand.tif,Paraguay,212687,S1Hand.tif,train,15308,246836,0,0.0583953857421875
146,Paraguay_791364_S1Hand.tif,Paraguay_791364_LabelHand.tif,Paraguay,791364,S1Hand.tif,train,1206,260529,409,0.0046077139091065394
147,Paraguay_224845_S1Hand.tif,Paraguay_224845_LabelHand.tif,Paraguay,224845,S1Hand.tif,train,0,103920,158224,0.0
148,Paraguay_149830_S1Hand.tif,Paraguay_149830_LabelHand.tif,Paraguay,149830,S1Hand.tif,train,1907,258533,1704,0.007322223928735985
149,Paraguay_48673_S1Hand.tif,Paraguay_48673_LabelHand.tif,Paraguay,48673,S1Hand.tif,train,133,262011,0,0.000507354736328125
150,Paraguay_44682_S1Hand.tif,Paraguay_44682_LabelHand.tif,Paraguay,44682,S1Hand.tif,train,1309,260835,0,0.004993438720703125
151,Paraguay_989230_S1Hand.tif,Paraguay_989230_LabelHand.tif,Paraguay,989230,S1Hand.tif,train,36591,183333,42220,0.16638020407049708
152,Paraguay_225187_S1Hand.tif,Paraguay_225187_LabelHand.tif,Paraguay,225187,S1Hand.tif,train,47,262097,0,0.000179290771484375
153,Somalia_989553_S1Hand.tif,Somalia_989553_LabelHand.tif,Somalia,989553,S1Hand.tif,train,2307,107996,151841,0.02091511563602078
154,Somalia_93023_S1Hand.tif,Somalia_93023_LabelHand.tif,Somalia,93023,S1Hand.tif,train,0,187825,74319,0.0
155,Somalia_371421_S1Hand.tif,Somalia_371421_LabelHand.tif,Somalia,371421,S1Hand.tif,train,34678,196284,31182,0.15014591144863657
156,Somalia_230192_S1Hand.tif,Somalia_230192_LabelHand.tif,Somalia,230192,S1Hand.tif,train,58,232464,29622,0.0002494387627837366
157,Somalia_886726_S1Hand.tif,Somalia_886726_LabelHand.tif,Somalia,886726,S1Hand.tif,train,82995,179041,108,0.31673128883054236
158,Somalia_992457_S1Hand.tif,Somalia_992457_LabelHand.tif,Somalia,992457,S1Hand.tif,train,7852,173288,81004,0.04334768687203268
159,Somalia_7931_S1Hand.tif,Somalia_7931_LabelHand.tif,Somalia,7931,S1Hand.tif,train,0,201972,60172,0.0
160,Somalia_195014_S1Hand.tif,Somalia_195014_LabelHand.tif,Somalia,195014,S1Hand.tif,train,0,233650,28494,0.0
161,Somalia_32375_S1Hand.tif,Somalia_32375_LabelHand.tif,Somalia,32375,S1Hand.tif,train,1,134095,128048,7.45734399236368e-06
162,Somalia_1087508_S1Hand.tif,Somalia_1087508_LabelHand.tif,Somalia,1087508,S1Hand.tif,train,10021,202922,49201,0.04705954175530541
163,Somalia_295782_S1Hand.tif,Somalia_295782_LabelHand.tif,Somalia,295782,S1Hand.tif,train,16239,186809,59096,0.0799761632717387
164,Somalia_970508_S1Hand.tif,Somalia_970508_LabelHand.tif,Somalia,970508,S1Hand.tif,train,38112,179007,45025,0.17553507523523967
165,Somalia_626316_S1Hand.tif,Somalia_626316_LabelHand.tif,Somalia,626316,S1Hand.tif,train,21727,147358,93059,0.12849750125676435
166,Somalia_1068756_S1Hand.tif,Somalia_1068756_LabelHand.tif,Somalia,1068756,S1Hand.tif,train,6495,165478,90171,0.03776755653503747
167,Somalia_205466_S1Hand.tif,Somalia_205466_LabelHand.tif,Somalia,205466,S1Hand.tif,train,93,239990,22061,0.00038736603591258025
168,Spain_5923267_S1Hand.tif,Spain_5923267_LabelHand.tif,Spain,5923267,S1Hand.tif,train,201713,17030,43401,0.9221460801031347
169,Spain_7786924_S1Hand.tif,Spain_7786924_LabelHand.tif,Spain,7786924,S1Hand.tif,train,3768,258343,33,0.014375588968032628
170,Spain_7856615_S1Hand.tif,Spain_7856615_LabelHand.tif,Spain,7856615,S1Hand.tif,train,9637,252293,214,0.036792272744626424
171,Spain_4915752_S1Hand.tif,Spain_4915752_LabelHand.tif,Spain,4915752,S1Hand.tif,train,7664,254464,16,0.0292376243667216
172,Spain_2472849_S1Hand.tif,Spain_2472849_LabelHand.tif,Spain,2472849,S1Hand.tif,train,20,261739,385,7.640615986460829e-05
173,Spain_8104659_S1Hand.tif,Spain_8104659_LabelHand.tif,Spain,8104659,S1Hand.tif,train,3484,258644,16,0.01329121650491363
174,Spain_5816638_S1Hand.tif,Spain_5816638_LabelHand.tif,Spain,5816638,S1Hand.tif,train,379,261673,92,0.0014462778379863539
175,Spain_2523247_S1Hand.tif,Spain_2523247_LabelHand.tif,Spain,2523247,S1Hand.tif,train,2429,259610,105,0.009269612538591585
176,Spain_6199994_S1Hand.tif,Spain_6199994_LabelHand.tif,Spain,6199994,S1Hand.tif,train,783,261119,242,0.0029896678910432146
177,Spain_8154154_S1Hand.tif,Spain_8154154_LabelHand.tif,Spain,8154154,S1Hand.tif,train,4582,257536,26,0.017480676641817808
178,Spain_1167260_S1Hand.tif,Spain_1167260_LabelHand.tif,Spain,1167260,S1Hand.tif,train,42519,219600,25,0.1622125828345141
179,Spain_2938657_S1Hand.tif,Spain_2938657_LabelHand.tif,Spain,2938657,S1Hand.tif,train,9772,252302,70,0.037287178430519624
180,Spain_5678382_S1Hand.tif,Spain_5678382_LabelHand.tif,Spain,5678382,S1Hand.tif,train,3570,258547,27,0.013619872041874431
181,Spain_716716_S1Hand.tif,Spain_716716_LabelHand.tif,Spain,716716,S1Hand.tif,train,2644,259423,77,0.010089023036093823
182,Spain_3285448_S1Hand.tif,Spain_3285448_LabelHand.tif,Spain,3285448,S1Hand.tif,train,56389,205747,8,0.2151135288552507
183,Spain_8199661_S1Hand.tif,Spain_8199661_LabelHand.tif,Spain,8199661,S1Hand.tif,train,8182,253854,108,0.03122471721442855
184,Spain_337094_S1Hand.tif,Spain_337094_LabelHand.tif,Spain,337094,S1Hand.tif,train,26075,235981,88,0.09950163323869707
185,Spain_2594119_S1Hand.tif,Spain_2594119_LabelHand.tif,Spain,2594119,S1Hand.tif,train,2877,259132,135,0.010980538836452183
186,Sri-Lanka_152185_S1Hand.tif,Sri-Lanka_152185_LabelHand.tif,Sri-Lanka,152185,S1Hand.tif,train,2198,259946,0,0.00838470458984375
187,Sri-Lanka_55568_S1Hand.tif,Sri-Lanka_55568_LabelHand.tif,Sri-Lanka,55568,S1Hand.tif,train,15268,197590,49286,0.0717285702205226
188,Sri-Lanka_92824_S1Hand.tif,Sri-Lanka_92824_LabelHand.tif,Sri-Lanka,92824,S1Hand.tif,train,55390,191116,15638,0.22470041297169238
189,Sri-Lanka_847275_S1Hand.tif,Sri-Lanka_847275_LabelHand.tif,Sri-Lanka,847275,S1Hand.tif,train,50464,180897,30783,0.218118006059794
190,Sri-Lanka_845821_S1Hand.tif,Sri-Lanka_845821_LabelHand.tif,Sri-Lanka,845821,S1Hand.tif,train,234546,6212,21386,0.9741981574859402
191,Sri-Lanka_14484_S1Hand.tif,Sri-Lanka_14484_LabelHand.tif,Sri-Lanka,14484,S1Hand.tif,train,38866,193149,30129,0.16751503135573131
192,Sri-Lanka_1038087_S1Hand.tif,Sri-Lanka_1038087_LabelHand.tif,Sri-Lanka,1038087,S1Hand.tif,train,18112,244031,1,0.06909206044029403
193,Sri-Lanka_178753_S1Hand.tif,Sri-Lanka_178753_LabelHand.tif,Sri-Lanka,178753,S1Hand.tif,train,645,253228,8271,0.0025406403989396273
194,Sri-Lanka_163406_S1Hand.tif,Sri-Lanka_163406_LabelHand.tif,Sri-Lanka,163406,S1Hand.tif,train,5070,257074,0,0.01934051513671875
195,Sri-Lanka_233609_S1Hand.tif,Sri-Lanka_233609_LabelHand.tif,Sri-Lanka,233609,S1Hand.tif,train,6877,250243,5024,0.026746266334785315
196,Sri-Lanka_135713_S1Hand.tif,Sri-Lanka_135713_LabelHand.tif,Sri-Lanka,135713,S1Hand.tif,train,0,134330,127814,0.0
197,Sri-Lanka_748447_S1Hand.tif,Sri-Lanka_748447_LabelHand.tif,Sri-Lanka,748447,S1Hand.tif,train,1219,247968,12957,0.004891908486397765
198,Sri-Lanka_579082_S1Hand.tif,Sri-Lanka_579082_LabelHand.tif,Sri-Lanka,579082,S1Hand.tif,train,14466,193797,53881,0.06946024978032583
199,Sri-Lanka_916628_S1Hand.tif,Sri-Lanka_916628_LabelHand.tif,Sri-Lanka,916628,S1Hand.tif,train,81524,178437,2183,0.31360088628678917
200,Sri-Lanka_883641_S1Hand.tif,Sri-Lanka_883641_LabelHand.tif,Sri-Lanka,883641,S1Hand.tif,train,13500,248644,0,0.0514984130859375
201,Sri-Lanka_52223_S1Hand.tif,Sri-Lanka_52223_LabelHand.tif,Sri-Lanka,52223,S1Hand.tif,train,0,262144,0,0.0
202,Sri-Lanka_400518_S1Hand.tif,Sri-Lanka_400518_LabelHand.tif,Sri-Lanka,400518,S1Hand.tif,train,2380,259764,0,0.0090789794921875
203,Sri-Lanka_523539_S1Hand.tif,Sri-Lanka_523539_LabelHand.tif,Sri-Lanka,523539,S1Hand.tif,train,24669,193812,43663,0.11291142021503014
204,Sri-Lanka_49764_S1Hand.tif,Sri-Lanka_49764_LabelHand.tif,Sri-Lanka,49764,S1Hand.tif,train,2486,240841,18817,0.010216704270385119
205,Sri-Lanka_653336_S1Hand.tif,Sri-Lanka_653336_LabelHand.tif,Sri-Lanka,653336,S1Hand.tif,train,17982,244159,3,0.06859667125707157
206,Sri-Lanka_956740_S1Hand.tif,Sri-Lanka_956740_LabelHand.tif,Sri-Lanka,956740,S1Hand.tif,train,7918,194151,60075,0.03918463495142748
207,Sri-Lanka_249079_S1Hand.tif,Sri-Lanka_249079_LabelHand.tif,Sri-Lanka,249079,S1Hand.tif,train,11,164764,97369,6.675769989379457e-05
208,Sri-Lanka_120804_S1Hand.tif,Sri-Lanka_120804_LabelHand.tif,Sri-Lanka,120804,S1Hand.tif,train,6958,255186,0,0.02654266357421875
209,Sri-Lanka_551926_S1Hand.tif,Sri-Lanka_551926_LabelHand.tif,Sri-Lanka,551926,S1Hand.tif,train,19600,242544,0,0.07476806640625
210,USA_994009_S1Hand.tif,USA_994009_LabelHand.tif,USA,994009,S1Hand.tif,train,1897,260121,126,0.007239960613392973
211,USA_66026_S1Hand.tif,USA_66026_LabelHand.tif,USA,66026,S1Hand.tif,train,987,261154,3,0.0037651492898859774
212,USA_11422_S1Hand.tif,USA_11422_LabelHand.tif,USA,11422,S1Hand.tif,train,36020,226122,2,0.13740644383578365
213,USA_955053_S1Hand.tif,USA_955053_LabelHand.tif,USA,955053,S1Hand.tif,train,35838,226302,4,0.13671320668345158
214,USA_114964_S1Hand.tif,USA_114964_LabelHand.tif,USA,114964,S1Hand.tif,train,354,261771,19,0.0013505007153075822
215,USA_693819_S1Hand.tif,USA_693819_LabelHand.tif,USA,693819,S1Hand.tif,train,2454,259650,40,0.009362695723834814
216,USA_86502_S1Hand.tif,USA_86502_LabelHand.tif,USA,86502,S1Hand.tif,train,66362,195770,12,0.2531625288022828
217,USA_438959_S1Hand.tif,USA_438959_LabelHand.tif,USA,438959,S1Hand.tif,train,6481,253234,2429,0.024954276803419134
218,USA_181263_S1Hand.tif,USA_181263_LabelHand.tif,USA,181263,S1Hand.tif,train,1065,207106,53973,0.0051159863765846345
219,USA_605492_S1Hand.tif,USA_605492_LabelHand.tif,USA,605492,S1Hand.tif,train,3031,259094,19,0.011563185503099666
220,USA_115033_S1Hand.tif,USA_115033_LabelHand.tif,USA,115033,S1Hand.tif,train,2359,259750,35,0.009000072488926363
221,USA_375183_S1Hand.tif,USA_375183_LabelHand.tif,USA,375183,S1Hand.tif,train,6518,255547,79,0.024871692137446815
222,USA_347609_S1Hand.tif,USA_347609_LabelHand.tif,USA,347609,S1Hand.tif,train,1642,202774,57728,0.008032639323731997
223,USA_908474_S1Hand.tif,USA_908474_LabelHand.tif,USA,908474,S1Hand.tif,train,1846,260225,73,0.007043892685569941
224,USA_211406_S1Hand.tif,USA_211406_LabelHand.tif,USA,211406,S1Hand.tif,train,1130,260971,43,0.004311315103719559
225,USA_831672_S1Hand.tif,USA_831672_LabelHand.tif,USA,831672,S1Hand.tif,train,20957,241159,28,0.07995315051351311
226,USA_664261_S1Hand.tif,USA_664261_LabelHand.tif,USA,664261,S1Hand.tif,train,4815,257300,29,0.018369799515479845
227,USA_770353_S1Hand.tif,USA_770353_LabelHand.tif,USA,770353,S1Hand.tif,train,34427,227714,3,0.1313300857172285
228,USA_217598_S1Hand.tif,USA_217598_LabelHand.tif,USA,217598,S1Hand.tif,train,45255,212366,4523,0.17566502730755645
229,USA_638521_S1Hand.tif,USA_638521_LabelHand.tif,USA,638521,S1Hand.tif,train,5164,256977,3,0.019699322120538185
230,USA_387945_S1Hand.tif,USA_387945_LabelHand.tif,USA,387945,S1Hand.tif,train,13453,248686,5,0.0513201011677011
231,USA_224165_S1Hand.tif,USA_224165_LabelHand.tif,USA,224165,S1Hand.tif,train,161,261965,18,0.0006142084341118393
232,USA_231124_S1Hand.tif,USA_231124_LabelHand.tif,USA,231124,S1Hand.tif,train,3839,125570,132735,0.029665633765812268
233,USA_170264_S1Hand.tif,USA_170264_LabelHand.tif,USA,170264,S1Hand.tif,train,43535,218447,162,0.16617553877747326
234,USA_58086_S1Hand.tif,USA_58086_LabelHand.tif,USA,58086,S1Hand.tif,train,15894,246218,32,0.06063820046392382
235,USA_1010394_S1Hand.tif,USA_1010394_LabelHand.tif,USA,1010394,S1Hand.tif,train,1481,260650,13,0.005649846832309036
236,USA_198411_S1Hand.tif,USA_198411_LabelHand.tif,USA,198411,S1Hand.tif,train,8737,75485,177922,0.10373774073282516
237,USA_486103_S1Hand.tif,USA_486103_LabelHand.tif,USA,486103,S1Hand.tif,train,7242,254818,84,0.027634892772647485
238,USA_260929_S1Hand.tif,USA_260929_LabelHand.tif,USA,260929,S1Hand.tif,train,5020,257114,10,0.019150510807449624
239,USA_179917_S1Hand.tif,USA_179917_LabelHand.tif,USA,179917,S1Hand.tif,train,511,261583,50,0.0019496821750974841
240,USA_84195_S1Hand.tif,USA_84195_LabelHand.tif,USA,84195,S1Hand.tif,train,3811,258326,7,0.014538199491105797
241,USA_604222_S1Hand.tif,USA_604222_LabelHand.tif,USA,604222,S1Hand.tif,train,6641,255482,21,0.025335434128252766
242,USA_354981_S1Hand.tif,USA_354981_LabelHand.tif,USA,354981,S1Hand.tif,train,1724,260287,133,0.006579876417402323
243,USA_232060_S1Hand.tif,USA_232060_LabelHand.tif,USA,232060,S1Hand.tif,train,1713,260414,17,0.006535000209821957
244,USA_655230_S1Hand.tif,USA_655230_LabelHand.tif,USA,655230,S1Hand.tif,train,1145,260984,15,0.004368078312586551
245,USA_652955_S1Hand.tif,USA_652955_LabelHand.tif,USA,652955,S1Hand.tif,train,8527,253614,3,0.03252829584078797
246,USA_1068362_S1Hand.tif,USA_1068362_LabelHand.tif,USA,1068362,S1Hand.tif,train,31182,230942,20,0.11895896598556409
247,USA_806273_S1Hand.tif,USA_806273_LabelHand.tif,USA,806273,S1Hand.tif,train,5787,256344,13,0.022076747885599185
248,USA_788696_S1Hand.tif,USA_788696_LabelHand.tif,USA,788696,S1Hand.tif,train,111448,150678,18,0.42516957493724394
249,USA_348639_S1Hand.tif,USA_348639_LabelHand.tif,USA,348639,S1Hand.tif,train,27154,234964,26,0.10359456428020968
250,USA_181503_S1Hand.tif,USA_181503_LabelHand.tif,USA,181503,S1Hand.tif,train,1194,260921,29,0.004555252465520859
0,Ghana_895194_S1Hand.tif,Ghana_895194_LabelHand.tif,Ghana,895194,S1Hand.tif,valid,8697,244009,9438,0.03441548677118866
1,Ghana_868803_S1Hand.tif,Ghana_868803_LabelHand.tif,Ghana,868803,S1Hand.tif,valid,144051,118093,0,0.5495109558105469
2,Ghana_142312_S1Hand.tif,Ghana_142312_LabelHand.tif,Ghana,142312,S1Hand.tif,valid,0,262144,0,0.0
3,Ghana_234935_S1Hand.tif,Ghana_234935_LabelHand.tif,Ghana,234935,S1Hand.tif,valid,0,0,262144,0.0
4,Ghana_132163_S1Hand.tif,Ghana_132163_LabelHand.tif,Ghana,132163,S1Hand.tif,valid,0,55761,206383,0.0
5,Ghana_495107_S1Hand.tif,Ghana_495107_LabelHand.tif,Ghana,495107,S1Hand.tif,valid,3959,258185,0,0.015102386474609375
6,Ghana_124834_S1Hand.tif,Ghana_124834_LabelHand.tif,Ghana,124834,S1Hand.tif,valid,0,262144,0,0.0
7,Ghana_1033830_S1Hand.tif,Ghana_1033830_LabelHand.tif,Ghana,1033830,S1Hand.tif,valid,96811,136418,28915,0.4150898901937581
8,Ghana_277_S1Hand.tif,Ghana_277_LabelHand.tif,Ghana,277,S1Hand.tif,valid,0,0,262144,0.0
9,Ghana_308249_S1Hand.tif,Ghana_308249_LabelHand.tif,Ghana,308249,S1Hand.tif,valid,8030,254114,0,0.03063201904296875
10,India_1050276_S1Hand.tif,India_1050276_LabelHand.tif,India,1050276,S1Hand.tif,valid,49005,206180,6959,0.19203714951897644
11,India_764946_S1Hand.tif,India_764946_LabelHand.tif,India,764946,S1Hand.tif,valid,3146,239356,19642,0.01297308888174118
12,India_118868_S1Hand.tif,India_118868_LabelHand.tif,India,118868,S1Hand.tif,valid,10782,151366,99996,0.06649480721316328
13,India_533192_S1Hand.tif,India_533192_LabelHand.tif,India,533192,S1Hand.tif,valid,49070,86187,126887,0.3627908352247943
14,India_180633_S1Hand.tif,India_180633_LabelHand.tif,India,180633,S1Hand.tif,valid,75763,88792,97589,0.46041141259761176
15,India_244057_S1Hand.tif,India_244057_LabelHand.tif,India,244057,S1Hand.tif,valid,5,160532,101607,3.114546802294798e-05
16,India_691027_S1Hand.tif,India_691027_LabelHand.tif,India,691027,S1Hand.tif,valid,8394,245640,8110,0.033042821039703345
17,India_769408_S1Hand.tif,India_769408_LabelHand.tif,India,769408,S1Hand.tif,valid,8582,167325,86237,0.048787143206353356
18,India_1018317_S1Hand.tif,India_1018317_LabelHand.tif,India,1018317,S1Hand.tif,valid,150710,46267,65167,0.7651147088238729
19,India_869358_S1Hand.tif,India_869358_LabelHand.tif,India,869358,S1Hand.tif,valid,5050,257094,0,0.01926422119140625
20,India_164336_S1Hand.tif,India_164336_LabelHand.tif,India,164336,S1Hand.tif,valid,1881,257220,3043,0.00725971725311751
21,India_70352_S1Hand.tif,India_70352_LabelHand.tif,India,70352,S1Hand.tif,valid,13188,226041,22915,0.05512709579524221
22,India_833266_S1Hand.tif,India_833266_LabelHand.tif,India,833266,S1Hand.tif,valid,18262,201412,42470,0.08313227782987517
23,India_1068117_S1Hand.tif,India_1068117_LabelHand.tif,India,1068117,S1Hand.tif,valid,47960,181752,32432,0.20878317197186042
24,Mekong_1149855_S1Hand.tif,Mekong_1149855_LabelHand.tif,Mekong,1149855,S1Hand.tif,valid,17260,207515,37369,0.07678789901012123
25,Mekong_977338_S1Hand.tif,Mekong_977338_LabelHand.tif,Mekong,977338,S1Hand.tif,valid,65567,111391,85186,0.37052294894833804
26,Mekong_474783_S1Hand.tif,Mekong_474783_LabelHand.tif,Mekong,474783,S1Hand.tif,valid,5780,256339,25,0.02205105314761616
27,Mekong_293769_S1Hand.tif,Mekong_293769_LabelHand.tif,Mekong,293769,S1Hand.tif,valid,30677,200383,31084,0.13276638102657318
28,Mekong_1413877_S1Hand.tif,Mekong_1413877_LabelHand.tif,Mekong,1413877,S1Hand.tif,valid,2512,254456,5176,0.009775536253541297
29,Mekong_98310_S1Hand.tif,Mekong_98310_LabelHand.tif,Mekong,98310,S1Hand.tif,valid,85667,97104,79373,0.4687122136443965
30,Nigeria_31096_S1Hand.tif,Nigeria_31096_LabelHand.tif,Nigeria,31096,S1Hand.tif,valid,816,216671,44657,0.003751948392317702
31,Nigeria_984831_S1Hand.tif,Nigeria_984831_LabelHand.tif,Nigeria,984831,S1Hand.tif,valid,221680,18478,21986,0.9230589861674398
32,Nigeria_1095404_S1Hand.tif,Nigeria_1095404_LabelHand.tif,Nigeria,1095404,S1Hand.tif,valid,46091,206192,9861,0.18269562356559896
33,Nigeria_820924_S1Hand.tif,Nigeria_820924_LabelHand.tif,Nigeria,820924,S1Hand.tif,valid,1176,260967,1,0.00448610109749259
34,Pakistan_43105_S1Hand.tif,Pakistan_43105_LabelHand.tif,Pakistan,43105,S1Hand.tif,valid,271,261404,469,0.0010356358077768225
35,Pakistan_94095_S1Hand.tif,Pakistan_94095_LabelHand.tif,Pakistan,94095,S1Hand.tif,valid,53566,127004,81574,0.296649498809326
36,Pakistan_210595_S1Hand.tif,Pakistan_210595_LabelHand.tif,Pakistan,210595,S1Hand.tif,valid,0,262144,0,0.0
37,Pakistan_1027214_S1Hand.tif,Pakistan_1027214_LabelHand.tif,Pakistan,1027214,S1Hand.tif,valid,23870,135088,103186,0.15016545250946792
38,Pakistan_336228_S1Hand.tif,Pakistan_336228_LabelHand.tif,Pakistan,336228,S1Hand.tif,valid,0,132471,129673,0.0
39,Pakistan_9684_S1Hand.tif,Pakistan_9684_LabelHand.tif,Pakistan,9684,S1Hand.tif,valid,1196,112354,148594,0.010532804931748128
40,Paraguay_305760_S1Hand.tif,Paraguay_305760_LabelHand.tif,Paraguay,305760,S1Hand.tif,valid,43791,218353,0,0.16704940795898438
41,Paraguay_648632_S1Hand.tif,Paraguay_648632_LabelHand.tif,Paraguay,648632,S1Hand.tif,valid,18394,243750,0,0.07016754150390625
42,Paraguay_172476_S1Hand.tif,Paraguay_172476_LabelHand.tif,Paraguay,172476,S1Hand.tif,valid,2815,259328,1,0.010738413766532007
43,Paraguay_581976_S1Hand.tif,Paraguay_581976_LabelHand.tif,Paraguay,581976,S1Hand.tif,valid,148808,113336,0,0.567657470703125
44,Paraguay_284928_S1Hand.tif,Paraguay_284928_LabelHand.tif,Paraguay,284928,S1Hand.tif,valid,0,262144,0,0.0
45,Paraguay_1019808_S1Hand.tif,Paraguay_1019808_LabelHand.tif,Paraguay,1019808,S1Hand.tif,valid,5170,256974,0,0.01972198486328125
46,Paraguay_76868_S1Hand.tif,Paraguay_76868_LabelHand.tif,Paraguay,76868,S1Hand.tif,valid,17683,244438,23,0.0674612106622514
47,Paraguay_252217_S1Hand.tif,Paraguay_252217_LabelHand.tif,Paraguay,252217,S1Hand.tif,valid,300,255478,6366,0.0011728921173830432
48,Paraguay_205585_S1Hand.tif,Paraguay_205585_LabelHand.tif,Paraguay,205585,S1Hand.tif,valid,0,262144,0,0.0
49,Paraguay_7894_S1Hand.tif,Paraguay_7894_LabelHand.tif,Paraguay,7894,S1Hand.tif,valid,0,202187,59957,0.0
50,Paraguay_896458_S1Hand.tif,Paraguay_896458_LabelHand.tif,Paraguay,896458,S1Hand.tif,valid,49299,191379,21466,0.2048338443895994
51,Paraguay_657443_S1Hand.tif,Paraguay_657443_LabelHand.tif,Paraguay,657443,S1Hand.tif,valid,64974,197170,0,0.24785614013671875
52,Paraguay_934240_S1Hand.tif,Paraguay_934240_LabelHand.tif,Paraguay,934240,S1Hand.tif,valid,20358,241786,0,0.07765960693359375
53,Paraguay_153941_S1Hand.tif,Paraguay_153941_LabelHand.tif,Paraguay,153941,S1Hand.tif,valid,641,261503,0,0.002445220947265625
54,Somalia_12849_S1Hand.tif,Somalia_12849_LabelHand.tif,Somalia,12849,S1Hand.tif,valid,37192,154110,70842,0.19441511327639022
55,Somalia_256539_S1Hand.tif,Somalia_256539_LabelHand.tif,Somalia,256539,S1Hand.tif,valid,23,221236,40885,0.00010395057376197126
56,Somalia_61368_S1Hand.tif,Somalia_61368_LabelHand.tif,Somalia,61368,S1Hand.tif,valid,0,212969,49175,0.0
57,Somalia_649376_S1Hand.tif,Somalia_649376_LabelHand.tif,Somalia,649376,S1Hand.tif,valid,5187,208742,48215,0.024246362110793767
58,Somalia_167787_S1Hand.tif,Somalia_167787_LabelHand.tif,Somalia,167787,S1Hand.tif,valid,225,220280,41639,0.0010203850252828734
59,Spain_1199913_S1Hand.tif,Spain_1199913_LabelHand.tif,Spain,1199913,S1Hand.tif,valid,10090,252053,1,0.03849044223954101
60,Spain_8372658_S1Hand.tif,Spain_8372658_LabelHand.tif,Spain,8372658,S1Hand.tif,valid,93104,168925,115,0.35531944937392423
61,Spain_7604243_S1Hand.tif,Spain_7604243_LabelHand.tif,Spain,7604243,S1Hand.tif,valid,20919,241161,64,0.07981913919413919
62,Spain_6537196_S1Hand.tif,Spain_6537196_LabelHand.tif,Spain,6537196,S1Hand.tif,valid,3046,259060,38,0.011621252470374582
63,Spain_4282030_S1Hand.tif,Spain_4282030_LabelHand.tif,Spain,4282030,S1Hand.tif,valid,98131,163992,21,0.374370047649386
64,Spain_8565131_S1Hand.tif,Spain_8565131_LabelHand.tif,Spain,8565131,S1Hand.tif,valid,52356,209728,60,0.1997680133087102
65,Sri-Lanka_85652_S1Hand.tif,Sri-Lanka_85652_LabelHand.tif,Sri-Lanka,85652,S1Hand.tif,valid,1941,195427,64776,0.009834420980098091
66,Sri-Lanka_63307_S1Hand.tif,Sri-Lanka_63307_LabelHand.tif,Sri-Lanka,63307,S1Hand.tif,valid,7005,255139,0,0.026721954345703125
67,Sri-Lanka_612594_S1Hand.tif,Sri-Lanka_612594_LabelHand.tif,Sri-Lanka,612594,S1Hand.tif,valid,43125,219019,0,0.16450881958007812
68,Sri-Lanka_132922_S1Hand.tif,Sri-Lanka_132922_LabelHand.tif,Sri-Lanka,132922,S1Hand.tif,valid,17843,244301,0,0.06806564331054688
69,Sri-Lanka_236030_S1Hand.tif,Sri-Lanka_236030_LabelHand.tif,Sri-Lanka,236030,S1Hand.tif,valid,1713,204375,56056,0.008311983230464656
70,Sri-Lanka_31559_S1Hand.tif,Sri-Lanka_31559_LabelHand.tif,Sri-Lanka,31559,S1Hand.tif,valid,464,218331,43349,0.0021207065974999427
71,Sri-Lanka_236628_S1Hand.tif,Sri-Lanka_236628_LabelHand.tif,Sri-Lanka,236628,S1Hand.tif,valid,3081,259061,2,0.011753171944976387
72,Sri-Lanka_101973_S1Hand.tif,Sri-Lanka_101973_LabelHand.tif,Sri-Lanka,101973,S1Hand.tif,valid,2958,259185,1,0.011283917556448197
73,Sri-Lanka_321316_S1Hand.tif,Sri-Lanka_321316_LabelHand.tif,Sri-Lanka,321316,S1Hand.tif,valid,96905,165228,11,0.36967875086311147
74,USA_826217_S1Hand.tif,USA_826217_LabelHand.tif,USA,826217,S1Hand.tif,valid,4498,257628,18,0.01715968656295064
75,USA_741073_S1Hand.tif,USA_741073_LabelHand.tif,USA,741073,S1Hand.tif,valid,3375,258740,29,0.012876027697766248
76,USA_275372_S1Hand.tif,USA_275372_LabelHand.tif,USA,275372,S1Hand.tif,valid,2722,259416,6,0.010383843624350533
77,USA_19225_S1Hand.tif,USA_19225_LabelHand.tif,USA,19225,S1Hand.tif,valid,1391,260731,22,0.005306689251569879
78,USA_366607_S1Hand.tif,USA_366607_LabelHand.tif,USA,366607,S1Hand.tif,valid,49325,212814,5,0.1881635315614998
79,USA_308150_S1Hand.tif,USA_308150_LabelHand.tif,USA,308150,S1Hand.tif,valid,2907,259120,117,0.011094276544020273
80,USA_1039203_S1Hand.tif,USA_1039203_LabelHand.tif,USA,1039203,S1Hand.tif,valid,1611,260501,32,0.006146227566841656
81,USA_251323_S1Hand.tif,USA_251323_LabelHand.tif,USA,251323,S1Hand.tif,valid,695,260343,1106,0.002662447612991212
82,USA_1082482_S1Hand.tif,USA_1082482_LabelHand.tif,USA,1082482,S1Hand.tif,valid,2206,259924,14,0.008415671613321634
83,USA_225017_S1Hand.tif,USA_225017_LabelHand.tif,USA,225017,S1Hand.tif,valid,16780,245358,6,0.06401208523754663
84,USA_986268_S1Hand.tif,USA_986268_LabelHand.tif,USA,986268,S1Hand.tif,valid,9092,253031,21,0.03468600618793467
85,USA_646878_S1Hand.tif,USA_646878_LabelHand.tif,USA,646878,S1Hand.tif,valid,2424,250550,9170,0.009582012380718968
86,USA_761032_S1Hand.tif,USA_761032_LabelHand.tif,USA,761032,S1Hand.tif,valid,12117,250008,19,0.04622603719599428
87,USA_741178_S1Hand.tif,USA_741178_LabelHand.tif,USA,741178,S1Hand.tif,valid,1446,260671,27,0.005516620440490315
0,Ghana_1078550_S1Hand.tif,Ghana_1078550_LabelHand.tif,Ghana,1078550,S1Hand.tif,test,1407,260737,0,0.005367279052734375
1,Ghana_97059_S1Hand.tif,Ghana_97059_LabelHand.tif,Ghana,97059,S1Hand.tif,test,0,27394,234750,0.0
2,Ghana_359826_S1Hand.tif,Ghana_359826_LabelHand.tif,Ghana,359826,S1Hand.tif,test,3496,258648,0,0.013336181640625
3,Ghana_319168_S1Hand.tif,Ghana_319168_LabelHand.tif,Ghana,319168,S1Hand.tif,test,39521,132103,90520,0.2302766512842027
4,Ghana_866994_S1Hand.tif,Ghana_866994_LabelHand.tif,Ghana,866994,S1Hand.tif,test,105971,11540,144633,0.901796427568483
5,Ghana_406026_S1Hand.tif,Ghana_406026_LabelHand.tif,Ghana,406026,S1Hand.tif,test,4305,257839,0,0.016422271728515625
6,Ghana_53713_S1Hand.tif,Ghana_53713_LabelHand.tif,Ghana,53713,S1Hand.tif,test,0,262144,0,0.0
7,Ghana_83483_S1Hand.tif,Ghana_83483_LabelHand.tif,Ghana,83483,S1Hand.tif,test,0,0,262144,0.0
8,Ghana_167233_S1Hand.tif,Ghana_167233_LabelHand.tif,Ghana,167233,S1Hand.tif,test,0,262144,0,0.0
9,Ghana_141271_S1Hand.tif,Ghana_141271_LabelHand.tif,Ghana,141271,S1Hand.tif,test,1636,260508,0,0.0062408447265625
10,India_900498_S1Hand.tif,India_900498_LabelHand.tif,India,900498,S1Hand.tif,test,123953,138039,152,0.4731174997709854
11,India_591317_S1Hand.tif,India_591317_LabelHand.tif,India,591317,S1Hand.tif,test,114039,132010,16095,0.4634808513751326
12,India_747992_S1Hand.tif,India_747992_LabelHand.tif,India,747992,S1Hand.tif,test,117322,144765,57,0.44764524757046326
13,India_79637_S1Hand.tif,India_79637_LabelHand.tif,India,79637,S1Hand.tif,test,5165,256979,0,0.019702911376953125
14,India_952728_S1Hand.tif,India_952728_LabelHand.tif,India,952728,S1Hand.tif,test,5848,182868,73428,0.03098836346679667
15,India_828067_S1Hand.tif,India_828067_LabelHand.tif,India,828067,S1Hand.tif,test,6994,176126,79024,0.03819353429445173
16,India_570384_S1Hand.tif,India_570384_LabelHand.tif,India,570384,S1Hand.tif,test,14548,227452,20144,0.060115702479338846
17,India_44475_S1Hand.tif,India_44475_LabelHand.tif,India,44475,S1Hand.tif,test,0,260175,1969,0.0
18,India_80221_S1Hand.tif,India_80221_LabelHand.tif,India,80221,S1Hand.tif,test,114506,37287,110351,0.7543562614876839
19,India_1018327_S1Hand.tif,India_1018327_LabelHand.tif,India,1018327,S1Hand.tif,test,36649,225493,2,0.1398059067223108
20,India_592446_S1Hand.tif,India_592446_LabelHand.tif,India,592446,S1Hand.tif,test,9044,215311,37789,0.04031111408259232
21,India_772630_S1Hand.tif,India_772630_LabelHand.tif,India,772630,S1Hand.tif,test,1345,153987,106812,0.00865887260834857
22,India_631692_S1Hand.tif,India_631692_LabelHand.tif,India,631692,S1Hand.tif,test,802,261342,0,0.00305938720703125
23,India_399883_S1Hand.tif,India_399883_LabelHand.tif,India,399883,S1Hand.tif,test,136292,125827,25,0.5199623071963497
24,Mekong_333434_S1Hand.tif,Mekong_333434_LabelHand.tif,Mekong,333434,S1Hand.tif,test,3284,199849,59011,0.01616674789423678
25,Mekong_45934_S1Hand.tif,Mekong_45934_LabelHand.tif,Mekong,45934,S1Hand.tif,test,296,261563,285,0.0011303793262786462
26,Mekong_1443339_S1Hand.tif,Mekong_1443339_LabelHand.tif,Mekong,1443339,S1Hand.tif,test,192783,69352,9,0.7354340320827055
27,Mekong_382276_S1Hand.tif,Mekong_382276_LabelHand.tif,Mekong,382276,S1Hand.tif,test,9808,252303,33,0.037419261305324844
28,Mekong_254910_S1Hand.tif,Mekong_254910_LabelHand.tif,Mekong,254910,S1Hand.tif,test,135,205360,56649,0.0006569502907613324
29,Mekong_424793_S1Hand.tif,Mekong_424793_LabelHand.tif,Mekong,424793,S1Hand.tif,test,4003,254484,3657,0.015486272036891603
30,Nigeria_417184_S1Hand.tif,Nigeria_417184_LabelHand.tif,Nigeria,417184,S1Hand.tif,test,1384,57685,203075,0.02343022566828624
31,Nigeria_225131_S1Hand.tif,Nigeria_225131_LabelHand.tif,Nigeria,225131,S1Hand.tif,test,1131,240124,20889,0.004687985741228161
32,Nigeria_812045_S1Hand.tif,Nigeria_812045_LabelHand.tif,Nigeria,812045,S1Hand.tif,test,120118,117016,25010,0.5065406057334672
33,Nigeria_22088_S1Hand.tif,Nigeria_22088_LabelHand.tif,Nigeria,22088,S1Hand.tif,test,629,222017,39498,0.002825112510442586
34,Pakistan_849790_S1Hand.tif,Pakistan_849790_LabelHand.tif,Pakistan,849790,S1Hand.tif,test,171908,85331,4905,0.6682812481777647
35,Pakistan_664885_S1Hand.tif,Pakistan_664885_LabelHand.tif,Pakistan,664885,S1Hand.tif,test,2383,70627,189134,0.03263936447062046
36,Pakistan_694942_S1Hand.tif,Pakistan_694942_LabelHand.tif,Pakistan,694942,S1Hand.tif,test,18481,172963,70700,0.09653475690019013
37,Pakistan_70625_S1Hand.tif,Pakistan_70625_LabelHand.tif,Pakistan,70625,S1Hand.tif,test,4667,257477,0,0.017803192138671875
38,Pakistan_528249_S1Hand.tif,Pakistan_528249_LabelHand.tif,Pakistan,528249,S1Hand.tif,test,0,76982,185162,0.0
39,Pakistan_167553_S1Hand.tif,Pakistan_167553_LabelHand.tif,Pakistan,167553,S1Hand.tif,test,1458,245647,15039,0.005900325772444912
40,Paraguay_913449_S1Hand.tif,Paraguay_913449_LabelHand.tif,Paraguay,913449,S1Hand.tif,test,5517,256627,0,0.021045684814453125
41,Paraguay_280900_S1Hand.tif,Paraguay_280900_LabelHand.tif,Paraguay,280900,S1Hand.tif,test,6585,255557,2,0.025119973144326357
42,Paraguay_790830_S1Hand.tif,Paraguay_790830_LabelHand.tif,Paraguay,790830,S1Hand.tif,test,31947,229252,945,0.12230904406219013
43,Paraguay_232281_S1Hand.tif,Paraguay_232281_LabelHand.tif,Paraguay,232281,S1Hand.tif,test,29477,232667,0,0.11244583129882812
44,Paraguay_271769_S1Hand.tif,Paraguay_271769_LabelHand.tif,Paraguay,271769,S1Hand.tif,test,2613,259531,0,0.009967803955078125
45,Paraguay_40936_S1Hand.tif,Paraguay_40936_LabelHand.tif,Paraguay,40936,S1Hand.tif,test,0,215331,46813,0.0
46,Paraguay_1029191_S1Hand.tif,Paraguay_1029191_LabelHand.tif,Paraguay,1029191,S1Hand.tif,test,50336,203601,8207,0.19822239374333003
47,Paraguay_59731_S1Hand.tif,Paraguay_59731_LabelHand.tif,Paraguay,59731,S1Hand.tif,test,2770,252886,6488,0.010834871859060612
48,Paraguay_683296_S1Hand.tif,Paraguay_683296_LabelHand.tif,Paraguay,683296,S1Hand.tif,test,7409,252169,2566,0.02854248048756058
49,Paraguay_34417_S1Hand.tif,Paraguay_34417_LabelHand.tif,Paraguay,34417,S1Hand.tif,test,50026,0,212118,1.0
50,Paraguay_868895_S1Hand.tif,Paraguay_868895_LabelHand.tif,Paraguay,868895,S1Hand.tif,test,15787,159678,86679,0.08997235915994643
51,Paraguay_511199_S1Hand.tif,Paraguay_511199_LabelHand.tif,Paraguay,511199,S1Hand.tif,test,11544,250600,0,0.044036865234375
52,Paraguay_80102_S1Hand.tif,Paraguay_80102_LabelHand.tif,Paraguay,80102,S1Hand.tif,test,22,262121,1,8.392365998710627e-05
53,Paraguay_651904_S1Hand.tif,Paraguay_651904_LabelHand.tif,Paraguay,651904,S1Hand.tif,test,27156,234988,0,0.1035919189453125
54,Somalia_699062_S1Hand.tif,Somalia_699062_LabelHand.tif,Somalia,699062,S1Hand.tif,test,3290,199919,58935,0.016190227795028763
55,Somalia_60129_S1Hand.tif,Somalia_60129_LabelHand.tif,Somalia,60129,S1Hand.tif,test,677,221639,39828,0.0030452149193040535
56,Somalia_685158_S1Hand.tif,Somalia_685158_LabelHand.tif,Somalia,685158,S1Hand.tif,test,25254,158918,77972,0.13712182090654387
57,Somalia_166342_S1Hand.tif,Somalia_166342_LabelHand.tif,Somalia,166342,S1Hand.tif,test,12,220565,41567,5.4402770914465245e-05
58,Somalia_94102_S1Hand.tif,Somalia_94102_LabelHand.tif,Somalia,94102,S1Hand.tif,test,12694,228666,20784,0.052593636062313556
59,Somalia_322855_S1Hand.tif,Somalia_322855_LabelHand.tif,Somalia,322855,S1Hand.tif,test,44737,210307,7100,0.17540894904408652
60,Spain_6860600_S1Hand.tif,Spain_6860600_LabelHand.tif,Spain,6860600,S1Hand.tif,test,246,261723,175,0.0009390424057808366
61,Spain_7558720_S1Hand.tif,Spain_7558720_LabelHand.tif,Spain,7558720,S1Hand.tif,test,2137,259847,160,0.008156986686209846
62,Spain_5650136_S1Hand.tif,Spain_5650136_LabelHand.tif,Spain,5650136,S1Hand.tif,test,104207,67389,90548,0.6072810555024593
63,Spain_7370579_S1Hand.tif,Spain_7370579_LabelHand.tif,Spain,7370579,S1Hand.tif,test,70035,192010,99,0.26726325631093895
64,Spain_6095801_S1Hand.tif,Spain_6095801_LabelHand.tif,Spain,6095801,S1Hand.tif,test,22736,239326,82,0.08675809541253597
65,Spain_7387658_S1Hand.tif,Spain_7387658_LabelHand.tif,Spain,7387658,S1Hand.tif,test,153006,109051,87,0.5838653422728644
66,Sri-Lanka_117737_S1Hand.tif,Sri-Lanka_117737_LabelHand.tif,Sri-Lanka,117737,S1Hand.tif,test,6731,255413,0,0.025676727294921875
67,Sri-Lanka_1049830_S1Hand.tif,Sri-Lanka_1049830_LabelHand.tif,Sri-Lanka,1049830,S1Hand.tif,test,2577,187656,71911,0.01354654555203356
68,Sri-Lanka_534068_S1Hand.tif,Sri-Lanka_534068_LabelHand.tif,Sri-Lanka,534068,S1Hand.tif,test,257268,4876,0,0.9813995361328125
69,Sri-Lanka_922192_S1Hand.tif,Sri-Lanka_922192_LabelHand.tif,Sri-Lanka,922192,S1Hand.tif,test,1030,238753,22361,0.00429555056029827
70,Sri-Lanka_377277_S1Hand.tif,Sri-Lanka_377277_LabelHand.tif,Sri-Lanka,377277,S1Hand.tif,test,8603,250785,2756,0.033166530448594383
71,Sri-Lanka_649970_S1Hand.tif,Sri-Lanka_649970_LabelHand.tif,Sri-Lanka,649970,S1Hand.tif,test,17343,243512,1289,0.06648521209100841
72,Sri-Lanka_450918_S1Hand.tif,Sri-Lanka_450918_LabelHand.tif,Sri-Lanka,450918,S1Hand.tif,test,4277,94849,163018,0.04314710570385166
73,Sri-Lanka_849649_S1Hand.tif,Sri-Lanka_849649_LabelHand.tif,Sri-Lanka,849649,S1Hand.tif,test,1892,216315,43937,0.008670665927307556
74,Sri-Lanka_713926_S1Hand.tif,Sri-Lanka_713926_LabelHand.tif,Sri-Lanka,713926,S1Hand.tif,test,80506,181598,40,0.30715288587736167
75,USA_905409_S1Hand.tif,USA_905409_LabelHand.tif,USA,905409,S1Hand.tif,test,44467,217632,45,0.16965726691059485
76,USA_430764_S1Hand.tif,USA_430764_LabelHand.tif,USA,430764,S1Hand.tif,test,15439,246698,7,0.05889668379511477
77,USA_350244_S1Hand.tif,USA_350244_LabelHand.tif,USA,350244,S1Hand.tif,test,1285,260835,24,0.004902334808484663
78,USA_527077_S1Hand.tif,USA_527077_LabelHand.tif,USA,527077,S1Hand.tif,test,1646,260481,17,0.006279398917318704
79,USA_933610_S1Hand.tif,USA_933610_LabelHand.tif,USA,933610,S1Hand.tif,test,3823,258204,117,0.01459009949356364
80,USA_66511_S1Hand.tif,USA_66511_LabelHand.tif,USA,66511,S1Hand.tif,test,2727,259409,8,0.010402996917630542
81,USA_519181_S1Hand.tif,USA_519181_LabelHand.tif,USA,519181,S1Hand.tif,test,2152,259975,17,0.008209760917417893
82,USA_778194_S1Hand.tif,USA_778194_LabelHand.tif,USA,778194,S1Hand.tif,test,3838,258232,74,0.014644942191017666
83,USA_67102_S1Hand.tif,USA_67102_LabelHand.tif,USA,67102,S1Hand.tif,test,9491,252600,53,0.03621261317633952
84,USA_1049586_S1Hand.tif,USA_1049586_LabelHand.tif,USA,1049586,S1Hand.tif,test,2122,259939,83,0.008097351380022209
85,USA_595451_S1Hand.tif,USA_595451_LabelHand.tif,USA,595451,S1Hand.tif,test,20531,241605,8,0.07832193975646229
86,USA_670826_S1Hand.tif,USA_670826_LabelHand.tif,USA,670826,S1Hand.tif,test,3010,259122,12,0.011482764408771154
87,USA_504150_S1Hand.tif,USA_504150_LabelHand.tif,USA,504150,S1Hand.tif,test,3262,258864,18,0.012444396969396396
88,USA_758178_S1Hand.tif,USA_758178_LabelHand.tif,USA,758178,S1Hand.tif,test,1617,260516,11,0.006168624324293393
0,Bolivia_129334_S1Hand.tif,Bolivia_129334_LabelHand.tif,Bolivia,129334,S1Hand.tif,bolivia,156643,81171,24330,0.6586786311991725
1,Bolivia_195474_S1Hand.tif,Bolivia_195474_LabelHand.tif,Bolivia,195474,S1Hand.tif,bolivia,1551,259784,809,0.005934911129393307
2,Bolivia_23014_S1Hand.tif,Bolivia_23014_LabelHand.tif,Bolivia,23014,S1Hand.tif,bolivia,7780,201699,52665,0.03713976102616491
3,Bolivia_233925_S1Hand.tif,Bolivia_233925_LabelHand.tif,Bolivia,233925,S1Hand.tif,bolivia,1,150536,111607,6.642885137873081e-06
4,Bolivia_242570_S1Hand.tif,Bolivia_242570_LabelHand.tif,Bolivia,242570,S1Hand.tif,bolivia,27346,148161,86637,0.15581144911598968
5,Bolivia_290290_S1Hand.tif,Bolivia_290290_LabelHand.tif,Bolivia,290290,S1Hand.tif,bolivia,19699,184934,57511,0.09626502079332268
6,Bolivia_294583_S1Hand.tif,Bolivia_294583_LabelHand.tif,Bolivia,294583,S1Hand.tif,bolivia,15008,115464,131672,0.11502851186461463
7,Bolivia_312675_S1Hand.tif,Bolivia_312675_LabelHand.tif,Bolivia,312675,S1Hand.tif,bolivia,9575,148433,104136,0.060598197559617234
8,Bolivia_314919_S1Hand.tif,Bolivia_314919_LabelHand.tif,Bolivia,314919,S1Hand.tif,bolivia,83678,105167,73299,0.4431041330191427
9,Bolivia_360519_S1Hand.tif,Bolivia_360519_LabelHand.tif,Bolivia,360519,S1Hand.tif,bolivia,2801,251290,8053,0.011023609651660231
10,Bolivia_379434_S1Hand.tif,Bolivia_379434_LabelHand.tif,Bolivia,379434,S1Hand.tif,bolivia,10790,251354,0,0.04116058349609375
11,Bolivia_432776_S1Hand.tif,Bolivia_432776_LabelHand.tif,Bolivia,432776,S1Hand.tif,bolivia,72145,84744,105255,0.4598474080400793
12,Bolivia_60373_S1Hand.tif,Bolivia_60373_LabelHand.tif,Bolivia,60373,S1Hand.tif,bolivia,12480,186539,63125,0.06270758068325134
13,Bolivia_76104_S1Hand.tif,Bolivia_76104_LabelHand.tif,Bolivia,76104,S1Hand.tif,bolivia,5,190960,71179,2.6182808368025554e-05
